,artist,album,track_name,track_id,danceability,energy,valence,tempo,duration_ms
0,Taylor Swift,Midnights,Lavender Haze,5jQI2r1RdgtuT8S3iG8zFC,0.733,0.436,0.0976,96.985,202396
1,Taylor Swift,Lavender Haze (Felix Jaehn Remix),Lavender Haze - Felix Jaehn Remix,2M4tVhRXucLE9M3STv21Yi,0.781,0.717,0.629,119.972,171562
2,Taylor Swift,Midnights,Anti-Hero,0V3wPSX9ygBnCm8psDIegu,0.637,0.643,0.533,97.008,200690
3,Taylor Swift,Anti-Hero (ILLENIUM Remix),Anti-Hero - ILLENIUM Remix,6C0H8ts9M6deezz0yYR6LK,0.6,0.722,0.388,96.957,267960
4,Taylor Swift,Anti-Hero (Acoustic Version),Anti-Hero - Acoustic Version,2d3d9xZutJjmUpntiyHt3F,0.624,0.332,0.397,96.864,196473
5,Taylor Swift,Anti-Hero (Remixes),Anti-Hero (feat. Bleachers),16M9Rxid0nXhVmme7lzVwN,0.631,0.819,0.499,96.94,228397
6,Taylor Swift,Anti-Hero (Remixes),Anti-Hero - Roosevelt Remix,4XiypEn8iKbeP1TbTqdfk5,0.716,0.737,0.804,110.99,299203
7,Taylor Swift,Anti-Hero (Remixes),Anti-Hero - Kungs Remix,2oWpe2L8ypC080BxpDVuTY,0.721,0.919,0.675,115.997,194612
8,Taylor Swift,Anti-Hero (Remixes),Anti-Hero - Jayda G Remix,4YrpqEBNuz7IMsZtUP6bNQ,0.791,0.769,0.812,120.013,215697
9,Taylor Swift,Anti-Hero (feat. Bleachers),Anti-Hero (feat. Bleachers),0j0gJqxitjhmmkrW56dtQH,0.633,0.809,0.471,96.947,228397
10,Taylor Swift,Midnights,Maroon,3eX0NZfLtGzoLUxPNvRfqm,0.637,0.398,0.0374,108.075,218271
11,Taylor Swift,Midnights,Snow On The Beach (feat. Lana Del Rey),1wtOxkiel43cVs0Yux5Q4h,0.663,0.319,0.193,109.957,256124
12,Taylor Swift,Midnights,"You're On Your Own, Kid",4D7BCuvgdJlYvlX5WlN54t,0.696,0.396,0.38,120.041,194207
13,Taylor Swift,Midnights,Midnight Rain,3rWDp9tBPQR9z6U5YyRSK4,0.643,0.363,0.23,139.865,174783
14,Taylor Swift,Midnights,Question...?,0heeNYlwOGuUSe7TgUD27B,0.751,0.502,0.106,108.943,210557
15,Taylor Swift,Midnights,Vigilante Shit,1xwAWUI6Dj0WGC3KiUPN0O,0.798,0.277,0.163,79.846,164801
16,Taylor Swift,Midnights,Bejeweled,3qoftcUZaUOncvIYjFSPdE,0.696,0.559,0.433,163.999,194166
17,Taylor Swift,Midnights,Labyrinth,0A1JLUlkZkp2EFrosoNQi0,0.406,0.306,0.122,110.014,247962
18,Taylor Swift,Midnights,Karma,7KokYm8cMIXCsGVmUvKtqf,0.642,0.62,0.0969,90.02,204852
19,Taylor Swift,Midnights,Sweet Nothing,0wavGRldH0AWyu2zvTz8zb,0.337,0.156,0.39,176.655,188497
20,Taylor Swift,Midnights,Mastermind,7FmYn9e7KHMXcxqGSj9LjH,0.662,0.357,0.124,125.966,191039
21,Taylor Swift,Midnights (3am Edition),The Great War,3UMrglJeju5yWyYIW6o99b,0.573,0.741,0.554,96.016,240356
22,Taylor Swift,Midnights (3am Edition),Bigger Than The Whole Sky,0BiqmkasE5FdrChwKfVp8X,0.422,0.235,0.068,165.71,218503
23,Taylor Swift,Midnights (3am Edition),Paris,7712gjoih4QoDbXpljEk21,0.7,0.509,0.345,110.947,196259
24,Taylor Swift,Midnights (3am Edition),High Infidelity,5kiZGSxgqPdv6rbqL9THdd,0.646,0.529,0.755,87.862,231475
25,Taylor Swift,Midnights (3am Edition),Glitch,6wAFvJPpTZVirBKGZ4EnMW,0.675,0.466,0.347,140.864,148781
26,Taylor Swift,Midnights (3am Edition),"Would've, Could've, Should've",0aV5uARAknQgYhBaK944FP,0.483,0.84,0.55,157.979,260362
27,Taylor Swift,Midnights (3am Edition),Dear Reader,3QF5RsWzK1lCvf2o2cY65P,0.562,0.388,0.159,107.747,225194
28,Taylor Swift,Carolina (From The Motion Picture “Where The Crawdads Sing”),Carolina - From The Motion Picture “Where The Crawdads Sing”,4axSuOg3BqsowKjRpj59RU,0.476,0.189,0.324,115.851,264439
29,Taylor Swift,This Love (Taylor’s Version),This Love (Taylor’s Version),4d1CG5ei1E2vGbvmgf5KKv,0.47,0.494,0.0524,144.039,250100
30,Taylor Swift,folklore,august,3hUxzQpSfdDqwM3ZTFQY0K,0.532,0.623,0.403,89.937,261923
31,Taylor Swift,This Love (Taylor’s Version),Wildest Dreams (Taylor's Version),1IxeJLsubGTboNN9K5XNfL,0.587,0.663,0.544,139.99,220433
32,Taylor Swift,All Too Well (10 Minute Version) (The Short Film),All Too Well (10 Minute Version) (The Short Film),1u4HUiREUR6vX1W1RYG2Tm,0.625,0.515,0.193,93.021,686022
33,Ed Sheeran,The Joker And The Queen (feat. Taylor Swift),The Joker And The Queen (feat. Taylor Swift),6N1K5OVVCopBjGViHs2IvP,0.528,0.309,0.307,133.83,185422
34,Taylor Swift,Message In A Bottle (Fat Max G Remix) (Taylor’s Version),Message In A Bottle (Fat Max G Remix) (Taylor’s Version),3tGq7hWDCtrnL83y5OGual,0.684,0.733,0.343,115.969,224649
35,Taylor Swift,All Too Well (Sad Girl Autumn Version) - Recorded at Long Pond Studios,All Too Well (Sad Girl Autumn Version) - Recorded at Long Pond Studios,1n3b9Eekoy3S9ZSZ5DmTW1,0.585,0.286,0.189,93.009,598150
36,Taylor Swift,Red (Taylor's Version),Message In A Bottle (Taylor's Version) (From The Vault),3z6XUommYDWPHeFhmhhT6j,0.622,0.791,0.494,115.915,225960
37,Taylor Swift,Red (Taylor's Version),Run (feat. Ed Sheeran) (Taylor’s Version) (From The Vault),4IQkfUsrwXol38VV3U7t7T,0.61,0.488,0.443,125.039,240227
38,Taylor Swift,Red (Taylor's Version),I Bet You Think About Me (feat. Chris Stapleton) (Taylor’s Version) (From The Vault),4CkgMiMqZ5JzW9iYXSTMTL,0.391,0.715,0.473,149.654,285107
39,Taylor Swift,Red (Taylor's Version),All Too Well (10 Minute Version) (Taylor's Version) (From The Vault),5enxwA8aAbwZbf5qCHORXi,0.631,0.518,0.205,93.023,613027
40,Taylor Swift,Red (Taylor's Version),Nothing New (feat. Phoebe Bridgers) (Taylor’s Version) (From The Vault),01K4zKU104LyJ8gMb7227B,0.606,0.377,0.446,101.96,258813
41,Taylor Swift,Red (Taylor's Version),Forever Winter (Taylor's Version) (From The Vault),3oGVx9RBmiYGv5ZCecWLkx,0.611,0.552,0.41,116.012,263533
42,Taylor Swift,Red (Taylor's Version),Babe (Taylor's Version) (From The Vault),0v4z1tuZvn6LGknom9Qx7d,0.584,0.743,0.746,167.844,224240
43,Taylor Swift,Red (Taylor's Version),Better Man (Taylor's Version) (From The Vault),4OmFmE0fzcMG6g0Y8p4eSD,0.473,0.579,0.255,73.942,297013
44,Taylor Swift,Red (Taylor's Version),The Very First Night (Taylor's Version) (From The Vault),6pYNq0ZwpPVazKzsqpf0G8,0.678,0.733,0.581,121.009,200280
45,Taylor Swift,Red (Taylor's Version),State Of Grace (Taylor's Version),6lzc0Al0zfZOIFsFvBS1ki,0.594,0.713,0.328,129.958,295413
46,Taylor Swift,Red (Taylor's Version),Red (Taylor's Version),4OAuvHryIVv4kMDNSLuPt6,0.516,0.777,0.408,125.047,223093
47,Taylor Swift,Red (Taylor's Version),Treacherous (Taylor's Version),3S7HNKPakdwNEBFIVTL6dZ,0.645,0.593,0.299,109.984,242720
48,Taylor Swift,Red (Taylor's Version),I Knew You Were Trouble (Taylor's Version),6AtZLIzUINvExIUy4QhdjP,0.584,0.557,0.767,154.008,219760
49,Taylor Swift,Red (Taylor's Version),All Too Well (Taylor's Version),3nsfB1vus2qaloUdcBZvDu,0.44,0.528,0.132,185.972,329160
50,Taylor Swift,Red (Taylor's Version),22 (Taylor's Version),3yII7UwgLF6K5zW3xad3MP,0.642,0.695,0.642,103.984,230960
51,Taylor Swift,Red (Taylor's Version),I Almost Do (Taylor's Version),2r9CbjYgFhtAmcFv1cSquB,0.511,0.559,0.248,145.88,244587
52,Taylor Swift,Red (Taylor's Version),We Are Never Ever Getting Back Together (Taylor's Version),5YqltLsjdqFtvqE7Nrysvs,0.567,0.686,0.716,172.014,193147
53,Taylor Swift,Red (Taylor's Version),Stay Stay Stay (Taylor's Version),7eQj6r5PIdYKEIZjucBMcq,0.693,0.681,0.663,100.02,205787
54,Taylor Swift,Red (Taylor's Version),The Last Time (feat. Gary Lightbody of Snow Patrol) (Taylor’s Version),0y6kdSRCVQhSsHSpWvTUm7,0.502,0.534,0.155,94.05,299080
55,Taylor Swift,Red (Taylor's Version),Holy Ground (Taylor's Version),7J4b3LVCIGO4CMBDFLPoP6,0.622,0.809,0.511,156.894,202960
56,Taylor Swift,Red (Taylor's Version),Sad Beautiful Tragic (Taylor's Version),73qMN9bXy7MSPwwGfH3wQr,0.601,0.406,0.232,130.059,284773
57,Taylor Swift,Red (Taylor's Version),The Lucky One (Taylor's Version),4e5ayHsOLJNLTGfjau2mEw,0.686,0.571,0.538,117.889,240467
58,Taylor Swift,Red (Taylor's Version),Everything Has Changed (feat. Ed Sheeran) (Taylor’s Version),7qEUFOVcxRI19tbT68JcYK,0.498,0.61,0.474,79.918,245427
59,Taylor Swift,Red (Taylor's Version),Starlight (Taylor's Version),7A2cNLRT0YJc1yjxHlKihs,0.628,0.685,0.605,126.014,220413
60,Taylor Swift,Red (Taylor's Version),Begin Again (Taylor's Version),05GsNucq8Bngd9fnd4fRa0,0.519,0.527,0.267,78.915,238867
61,Taylor Swift,Red (Taylor's Version),The Moment I Knew (Taylor's Version),0NRHj8hDwwmSPaA41o379r,0.636,0.402,0.208,125.952,285280
62,Taylor Swift,Red (Taylor's Version),Come Back...Be Here (Taylor's Version),4pNApnaUWAL2J4KO2eqokq,0.46,0.632,0.399,79.846,223333
63,Taylor Swift,Red (Taylor's Version),Girl At Home (Taylor's Version),0DMVrlMUn01M0IcpDbwgu7,0.691,0.736,0.612,125.089,220520
64,Taylor Swift,Red (Taylor's Version),State Of Grace (Acoustic Version) (Taylor's Version),5jAIouBES8LWMiriuNq170,0.445,0.131,0.101,208.918,321640
65,Taylor Swift,Red (Taylor's Version),Ronan (Taylor's Version),7nWui6jiMM2m9qFmET1Mtj,0.623,0.279,0.38,116.04,264253
66,Taylor Swift,the lakes (original version),the lakes - original version,0UAdDYrkCvVQftaKpL6q5f,0.197,0.406,0.251,90.053,227203
67,Big Red Machine,Renegade (feat. Taylor Swift),Renegade (feat. Taylor Swift),1aU1wpYBSpP0M6IiihY5Ue,0.532,0.708,0.586,167.977,254467
68,Taylor Swift,folklore,cardigan,4R2kfaDFhslZEMJqAFNpdd,0.613,0.581,0.551,130.033,239560
69,Taylor Swift,folklore,exile (feat. Bon Iver),4pvb0WLRcMtbPGmtejJJ6y,0.298,0.38,0.152,75.602,285634
70,Taylor Swift,folklore,betty,5kI4eCXXzyuIUXjQra0Cxi,0.593,0.377,0.502,95.939,294521
71,Taylor Swift,folklore,this is me trying,7kt9e9LFSpN1zQtYEl19o1,0.515,0.476,0.412,135.886,195097
72,Taylor Swift,folklore,the 1,0Jlcvv8IykzHaSmj49uNW8,0.777,0.357,0.172,139.883,210252
73,Taylor Swift,folklore,the last great american dynasty,2Eeur20xVqfUoM3Q7EFPFt,0.686,0.662,0.706,147.922,230999
74,Taylor Swift,folklore,my tears ricochet,1MgV7FIyNxIG7WzMRJV5HC,0.456,0.263,0.111,129.86,255894
75,Taylor Swift,folklore,mirrorball,0ZNU020wNYvgW84iljPkPP,0.553,0.413,0.379,110.107,208978
76,Taylor Swift,folklore,seven,6KJqZcs9XDgVck7Lg9QOTC,0.596,0.488,0.415,94.926,208907
77,Taylor Swift,folklore,illicit affairs,2NmsngXHeC1GQ9wWrzhOMf,0.559,0.31,0.46,119.845,190898
78,Taylor Swift,folklore,invisible string,6VsvKPJ4xjVNKpI8VVZ3SV,0.653,0.452,0.45,83.433,252881
79,Taylor Swift,folklore,mad woman,2QDyYdZyhlP2fp79KZX8Bi,0.592,0.699,0.506,141.916,237258
80,Taylor Swift,folklore,epiphany,08fa9LFcFBTcilB3iq2e2A,0.354,0.267,0.113,94.219,289749
81,Taylor Swift,folklore,peace,7MbT4I8qGntX4fMdqMQgke,0.647,0.272,0.339,150.044,234000
82,Taylor Swift,folklore,hoax,6MWoRt97mnSTXZhu3ggi9C,0.662,0.181,0.429,118.819,220043
83,Taylor Swift,cardigan (cabin in candlelight version),cardigan - cabin in candlelight version,2hmafYGj1CXYKIYcMnX4lj,0.652,0.237,0.367,129.976,228000
84,Taylor Swift,folklore (deluxe version),the lakes - bonus track,0eFQWVz0qIxDOvhLpZ40P7,0.313,0.258,0.268,179.947,211813
85,Taylor Swift,Love Story (Taylor’s Version),Love Story (Taylor’s Version),3CeCwYWvdfXbZLXFhBrbnf,0.626,0.79,0.416,119.082,235767
86,Taylor Swift,Fearless (Taylor's Version),Fearless (Taylor’s Version),77sMIMlNaSURUAXq5coCxE,0.569,0.741,0.43,100.118,241592
87,Taylor Swift,Fearless (Taylor's Version),Fifteen (Taylor’s Version),2nqio0SfWg6gh2eCtfuMa5,0.559,0.646,0.289,95.466,294419
88,Taylor Swift,Fearless (Taylor's Version),Love Story (Taylor’s Version),6YvqWjhGD8mB5QXcbcUKtx,0.627,0.792,0.415,119.054,235767
89,Taylor Swift,Fearless (Taylor's Version),Hey Stephen (Taylor’s Version),550erGcdD9n6PnwxrvYqZT,0.788,0.571,0.797,115.99,254255
90,Taylor Swift,Fearless (Taylor's Version),White Horse (Taylor’s Version),5YL553x8sHderRBDlm3NM3,0.423,0.517,0.366,185.262,234516
91,Taylor Swift,Fearless (Taylor's Version),You Belong With Me (Taylor’s Version),1qrpoAMXodY6895hGKoUpA,0.632,0.773,0.474,130.033,231124
92,Taylor Swift,Fearless (Taylor's Version),Breathe (feat. Colbie Caillat) (Taylor’s Version),7HC7R2D8WjXVcUHJyEGjRs,0.506,0.626,0.321,148.035,263377
93,Taylor Swift,Fearless (Taylor's Version),Tell Me Why (Taylor’s Version),0k0vFacOHNuArLWMiH60p7,0.578,0.909,0.541,100.023,200576
94,Taylor Swift,Fearless (Taylor's Version),You’re Not Sorry (Taylor’s Version),6iiAfo4wTA2CVC3Uwx9uh8,0.506,0.444,0.241,133.873,261843
95,Taylor Swift,Fearless (Taylor's Version),The Way I Loved You (Taylor’s Version),22bPsP2jCgbLUvh82U0Z3M,0.402,0.732,0.472,161.032,243137
96,Taylor Swift,Fearless (Taylor's Version),Forever & Always (Taylor’s Version),1msEuwSBneBKpVCZQcFTsU,0.598,0.821,0.673,128.03,225328
97,Taylor Swift,Fearless (Taylor's Version),The Best Day (Taylor’s Version),6ON9UuIq49xXY9GPmHIYRp,0.642,0.576,0.469,125.0,245290
98,Taylor Swift,Fearless (Taylor's Version),Change (Taylor’s Version),3ExweHKZF9B752DPQByRVT,0.499,0.815,0.344,95.999,279360
99,Taylor Swift,Fearless (Taylor's Version),Jump Then Fall (Taylor’s Version),2m3ObD945KvpE5y9A1eUWm,0.572,0.69,0.624,160.111,237580
100,Taylor Swift,Fearless (Taylor's Version),Untouchable (Taylor’s Version),0tQ9vBYpldCuikPsbgOVKA,0.393,0.531,0.224,200.391,312107
101,Taylor Swift,Fearless (Taylor's Version),Forever & Always (Piano Version) (Taylor’s Version),01QdEx6kFr78ZejhQtWR5m,0.546,0.273,0.271,118.753,267833
102,Taylor Swift,Fearless (Taylor's Version),Come In With The Rain (Taylor’s Version),1n2wszmJyVkw6FHqyLnQsY,0.476,0.564,0.167,143.929,237339
103,Taylor Swift,Fearless (Taylor's Version),Superstar (Taylor’s Version),51A8eKvvZz9uydvIZ7xRSV,0.454,0.555,0.171,171.862,263865
104,Taylor Swift,Fearless (Taylor's Version),The Other Side Of The Door (Taylor’s Version),1cSFlSBdpT4F5vb1frQ231,0.432,0.873,0.629,163.936,238444
105,Taylor Swift,Fearless (Taylor's Version),Today Was A Fairytale (Taylor’s Version),2JoJrsEV15OzbijS47lids,0.482,0.779,0.328,158.162,241822
106,Taylor Swift,Fearless (Taylor's Version),You All Over Me (feat. Maren Morris) (Taylor’s Version) (From The Vault),4CHpVfAhuxNJ3ibExe6kxO,0.599,0.494,0.44,142.893,220839
107,Taylor Swift,Fearless (Taylor's Version),Mr. Perfectly Fine (Taylor’s Version) (From The Vault),2CYVETnhM9aytqrazYYwrK,0.66,0.817,0.714,135.942,277592
108,Taylor Swift,Fearless (Taylor's Version),We Were Happy (Taylor’s Version) (From The Vault),34V9RiEPe8MNdU32qJsJa1,0.609,0.373,0.13,106.007,244237
109,Taylor Swift,Fearless (Taylor's Version),That’s When (feat. Keith Urban) (Taylor’s Version) (From The Vault),7eResoqEJJAVTkQYSqvO3P,0.588,0.608,0.508,90.201,189496
110,Taylor Swift,Fearless (Taylor's Version),Don’t You (Taylor’s Version) (From The Vault),4uuEGH5SVuzkkSFjo2DEiY,0.563,0.473,0.405,101.934,208609
111,Taylor Swift,Fearless (Taylor's Version),Bye Bye Baby (Taylor’s Version) (From The Vault),4qUijfYU8EoIWiY6oSyrgT,0.624,0.624,0.527,80.132,242158
112,Taylor Swift,evermore,willow,3Uo7WG0vmLQ07WB4BDwy7D,0.392,0.579,0.549,80.961,214707
113,Taylor Swift,willow (moonlit witch version),willow - moonlit witch version,5XkJj6sV2XLMaURdmdXgNx,0.36,0.643,0.535,81.551,208867
114,Taylor Swift,willow (lonely witch version),willow - lonely witch version,0U0etHtpARihOUUY8Akc7y,0.41,0.381,0.557,80.855,214653
115,Taylor Swift,willow [dancing witch version (Elvira remix)],willow - dancing witch version (Elvira remix),2NnrAdjE9cPdMklonMBuAv,0.429,0.567,0.67,83.922,184819
116,Taylor Swift,evermore,champagne problems,6rap8NpGq8LDcVaJWkKFPn,0.463,0.248,0.325,171.346,244000
117,Taylor Swift,evermore,gold rush,2ZTKWFG6OtHI3ewy9OGNOY,0.498,0.471,0.351,112.018,185320
118,Taylor Swift,evermore,‘tis the damn season,4GBkffrtA51p17JH35irGA,0.575,0.435,0.351,145.91,229840
119,Taylor Swift,evermore,tolerate it,1t2M7UYoUpmhfZNMBsymJr,0.373,0.36,0.212,147.442,245440
120,Taylor Swift,evermore,"no body, no crime (feat. HAIM)",6NriykdkRrjQMZo1sfVYUo,0.547,0.613,0.528,79.011,215627
121,Taylor Swift,evermore,happiness,0EFdoyXHpRHhEmsOlQhIXO,0.558,0.331,0.201,122.035,315147
122,Taylor Swift,evermore,dorothea,3w9VRlKPvNxj40RdUGRweH,0.607,0.488,0.361,119.953,225880
123,Taylor Swift,evermore,coney island (feat. The National),4tyX1rw9X309WkEdh2As4B,0.529,0.536,0.304,107.873,275320
124,Taylor Swift,evermore,ivy,7tXMHAFEOzcUaUQqovRGho,0.329,0.547,0.522,86.629,260440
125,Taylor Swift,evermore,cowboy like me,3qy4znWySY3rwzS2vHDOeg,0.605,0.513,0.512,127.986,275040
126,Taylor Swift,evermore,long story short,0vVMlbdYx2080Oa9FndPZr,0.546,0.732,0.571,157.893,215920
127,Taylor Swift,evermore,marjorie,7vBNFh3NIZTj6tB5s1IBjE,0.535,0.562,0.294,96.103,257773
128,Taylor Swift,evermore,closure,3uayvzcbqFydIbgUeC6EJh,0.686,0.705,0.919,151.868,180653
129,Taylor Swift,evermore,evermore (feat. Bon Iver),0AaV4MJrgmLV3XhoiWXjjb,0.395,0.27,0.314,120.94,304107
130,Taylor Swift,folklore: the long pond studio sessions (from the Disney+ special) [deluxe edition],the 1 - the long pond studio sessions,08J4bMHbILkwSIhbtrcvjN,0.708,0.25,0.156,139.803,219893
131,Taylor Swift,folklore: the long pond studio sessions (from the Disney+ special) [deluxe edition],cardigan - the long pond studio sessions,3EPgWM1zfTSzEc0z4AwWTM,0.395,0.234,0.247,86.478,230680
132,Taylor Swift,folklore: the long pond studio sessions (from the Disney+ special) [deluxe edition],the last great american dynasty - the long pond studio sessions,28tIMaewZuGR8urkvFhQyA,0.64,0.618,0.614,147.948,232347
133,Taylor Swift,folklore: the long pond studio sessions (from the Disney+ special) [deluxe edition],exile (feat. Bon Iver) - the long pond studio sessions,7N015NTIWGjQDddHUdHPoO,0.359,0.305,0.108,151.956,279893
134,Taylor Swift,folklore: the long pond studio sessions (from the Disney+ special) [deluxe edition],my tears ricochet - the long pond studio sessions,5mdNyCS7ttVcAyVYOIFEjs,0.531,0.172,0.168,129.007,295173
135,Taylor Swift,folklore: the long pond studio sessions (from the Disney+ special) [deluxe edition],mirrorball - the long pond studio sessions,2yceD2hx5HhOLgkm1CITCi,0.509,0.386,0.109,109.993,237373
136,Taylor Swift,folklore: the long pond studio sessions (from the Disney+ special) [deluxe edition],seven - the long pond studio sessions,4cOWq0cVsKjxaQpRMbDoH1,0.694,0.449,0.363,94.963,208987
137,Taylor Swift,folklore: the long pond studio sessions (from the Disney+ special) [deluxe edition],august - the long pond studio sessions,4MGexoZc12lqE0hYkq9YYx,0.554,0.663,0.545,89.977,260000
138,Taylor Swift,folklore: the long pond studio sessions (from the Disney+ special) [deluxe edition],this is me trying - the long pond studio sessions,1gaLZjPrDnHQWJds2Jg4KT,0.435,0.332,0.157,68.097,209293
139,Taylor Swift,folklore: the long pond studio sessions (from the Disney+ special) [deluxe edition],illicit affairs - the long pond studio sessions,560uQyz3p5G9WdnMX39xc6,0.489,0.235,0.435,117.699,183720
140,Taylor Swift,folklore: the long pond studio sessions (from the Disney+ special) [deluxe edition],invisible string - the long pond studio sessions,5KByGq0JijSSDcy0qzuINs,0.59,0.282,0.351,83.438,257360
141,Taylor Swift,folklore: the long pond studio sessions (from the Disney+ special) [deluxe edition],mad woman - the long pond studio sessions,04xrhDrQ2WOW8GLwu7kbc0,0.663,0.465,0.346,141.834,238333
142,Taylor Swift,folklore: the long pond studio sessions (from the Disney+ special) [deluxe edition],epiphany - the long pond studio sessions,4yyKppX85ZkmlGOC2toBZA,0.524,0.2,0.113,93.87,274880
143,Taylor Swift,folklore: the long pond studio sessions (from the Disney+ special) [deluxe edition],betty - the long pond studio sessions,1mh5dObNoOvCfHmXnhvDEK,0.538,0.316,0.518,95.68,290040
144,Taylor Swift,folklore: the long pond studio sessions (from the Disney+ special) [deluxe edition],peace - the long pond studio sessions,4YHHz3VIXgNDGdoL9xC1tx,0.619,0.344,0.513,149.897,214373
145,Taylor Swift,folklore: the long pond studio sessions (from the Disney+ special) [deluxe edition],hoax - the long pond studio sessions,0QTBsdoJhamY3Aid3fOsOd,0.682,0.155,0.483,118.832,221800
146,Taylor Swift,folklore: the long pond studio sessions (from the Disney+ special) [deluxe edition],the lakes - the long pond studio sessions,6mqyTq948oap5AkyTsd6XF,0.606,0.221,0.112,89.844,199733
147,Taylor Swift,Daylight (Live From Paris),Daylight - Live From Paris,7ryS0xBZNYjQqql34GCkDp,0.49,0.228,0.217,75.858,262320
148,Taylor Swift,Cornelia Street (Live From Paris),Cornelia Street - Live From Paris,3fGnrtrtL1IHSX9t4DKOYf,0.502,0.462,0.304,97.085,296013
149,Taylor Swift,folklore: the long pond studio sessions (from the Disney+ special) [deluxe edition],the 1 - the long pond studio sessions,08J4bMHbILkwSIhbtrcvjN,0.708,0.25,0.156,139.803,219893
150,Taylor Swift,folklore: the long pond studio sessions (from the Disney+ special) [deluxe edition],hoax - the long pond studio sessions,0QTBsdoJhamY3Aid3fOsOd,0.682,0.155,0.483,118.832,221800
151,Taylor Swift,Lover,The Man,3RauEVgRgj1IuWdJ9fDs70,0.777,0.658,0.633,110.048,190360
152,Taylor Swift,Lover,I Forgot That You Existed,43rA71bccXFGD4C8GOpIlN,0.664,0.316,0.541,92.875,170640
153,Taylor Swift,Lover,Cruel Summer,1BxfuPKGuaTgP7aM0Bbdwr,0.552,0.702,0.564,169.994,178427
154,Taylor Swift,Lover,Lover,1dGr1c8CrMLDpV6mPbImSI,0.359,0.543,0.453,68.534,221307
155,Taylor Swift,Lover,The Man,3RauEVgRgj1IuWdJ9fDs70,0.777,0.658,0.633,110.048,190360
156,Taylor Swift,Lover,The Archer,3pHkh7d0lzM2AldUtz2x37,0.292,0.574,0.166,124.344,211240
157,Taylor Swift,Lover,I Think He Knows,2YWtcWi3a83pdEg3Gif4Pd,0.897,0.366,0.416,100.003,173387
158,Taylor Swift,Lover,Miss Americana & The Heartbreak Prince,214nt20w5wOxJnY462klLw,0.662,0.747,0.487,150.088,234147
159,Taylor Swift,Lover,Paper Rings,4y5bvROuBDPr5fuwXbIBZR,0.811,0.719,0.865,103.979,222400
160,Taylor Swift,Lover,Cornelia Street,12M5uqx0ZuwkpLp5rJim1a,0.824,0.624,0.248,102.012,287267
161,Taylor Swift,Lover,Death By A Thousand Cuts,2dgFqt3w9xIQRjhPtwNk3D,0.712,0.732,0.313,94.071,198533
162,Taylor Swift,Lover,London Boy,1LLXZFeAHK9R4xUramtUKw,0.695,0.71,0.557,157.925,190240
163,Taylor Swift,Lover,Soon You’ll Get Better (feat. The Chicks),4AYtqFyFbX0Xkc2wtcygTr,0.433,0.182,0.421,207.476,201587
164,Taylor Swift,Lover,False God,5hQSXkFgbxjZo9uCwd11so,0.739,0.32,0.351,79.97,200307
165,Taylor Swift,Lover,You Need To Calm Down,6RRNNciQGZEXnqk8SQ9yv5,0.771,0.671,0.714,85.026,171360
166,Taylor Swift,Lover,Afterglow,1SymEzIT3H8UZfibCs3TYi,0.756,0.449,0.399,111.011,223293
167,Taylor Swift,Lover,ME! (feat. Brendon Urie of Panic! At The Disco),2Rk4JlNc2TPmZe2af99d45,0.61,0.83,0.728,182.162,193000
168,Taylor Swift,Lover,It’s Nice To Have A Friend,1SmiQ65iSAbPto6gPFlBYm,0.737,0.175,0.545,70.008,150440
169,Taylor Swift,Lover,Daylight,1fzAuUVbzlhZ1lJAx9PtY6,0.557,0.496,0.265,149.983,293453
170,Taylor Swift,Lover (First Dance Remix),Lover - First Dance Remix,2msvOEbkK50foYf9BMXr2X,0.506,0.425,0.214,68.449,233467
171,Taylor Swift,You Need To Calm Down (Clean Bandit Remix),You Need To Calm Down - Clean Bandit Remix,7Bjf96uNizpvXLvNyOJpst,0.726,0.88,0.739,95.037,152773
172,Taylor Swift,ME! (Live From Paris),ME! - Live From Paris,5fOV54t6mMYv3H9CsnvU81,0.545,0.935,0.552,91.014,213027
173,Taylor Swift,The Archer (Live From Paris),The Archer - Live From Paris,2fgiBCtbWo8pijF6M7pN1i,0.473,0.54,0.0995,125.022,210960
174,Taylor Swift,Death By A Thousand Cuts (Live From Paris),Death By A Thousand Cuts - Live From Paris,3oF7Or7T35yhQbGxbCGvRX,0.584,0.655,0.604,91.844,199067
175,Taylor Swift,Cornelia Street (Live From Paris),Cornelia Street - Live From Paris,3fGnrtrtL1IHSX9t4DKOYf,0.502,0.462,0.304,97.085,296013
176,Taylor Swift,The Man (Live From Paris),The Man - Live From Paris,7FKbTRXXIWVFQmPH8zGfU0,0.343,0.864,0.714,90.905,219386
177,Taylor Swift,Daylight (Live From Paris),Daylight - Live From Paris,7ryS0xBZNYjQqql34GCkDp,0.49,0.228,0.217,75.858,262320
178,Taylor Swift,You Need To Calm Down (Live From Paris),You Need To Calm Down - Live From Paris,36a08nLG1xazGaaVKK0vv7,0.595,0.832,0.742,85.01,203960
179,Taylor Swift,Lover (Live From Paris),Lover - Live From Paris,4lD3RXyvHpJsM3BhIEC4aA,0.277,0.605,0.479,68.541,229733
180,Taylor Swift,Only The Young (Featured in Miss Americana),Only The Young - Featured in Miss Americana,2slqvGLwzZZYsT4K4Y1GBC,0.56,0.78,0.602,93.516,157507
181,Taylor Swift,Lover (Remix) [feat. Shawn Mendes],Lover (Remix) [feat. Shawn Mendes],3i9UVldZOE0aD0JnyfAZZ0,0.448,0.603,0.422,205.272,221307
182,Taylor Swift,"Beautiful Ghosts (From The Motion Picture ""Cats"")","Beautiful Ghosts - From The Motion Picture Soundtrack ""Cats""",6PPbs1c7f7Ove5JHUPmNZ2,0.368,0.238,0.239,187.051,261061
183,Taylor Swift,Christmas Tree Farm,Christmas Tree Farm,2mvabkN1i2gLnGAPUVdwek,0.598,0.68,0.437,134.002,228027
184,Taylor Swift,reputation,...Ready For It?,2yLa0QULdQr0qAIvVwN6B5,0.613,0.764,0.417,160.015,208187
185,Taylor Swift,1989 (Deluxe Edition),Blank Space,2sC2P3BN0IXujNaaSyDmtP,0.76,0.703,0.57,95.997,231827
186,Taylor Swift,Bad Blood,Bad Blood,6xsEAm6w9oMQYYg3jkEkMT,0.654,0.655,0.221,170.16,200107
187,Taylor Swift,1989 (Deluxe Edition),Shake It Off,3fthfkkvy9av3q3uAGVf7U,0.647,0.8,0.942,160.078,219200
188,Taylor Swift,Fearless Platinum Edition,You Belong With Me,3as6Wz3mwbTnusWhZjTUNr,0.687,0.771,0.445,129.964,231147
189,Taylor Swift,Speak Now (Deluxe Edition),Mean,4N60XfcTE1ysLZGbYgnYXq,0.568,0.761,0.789,163.974,237733
190,Taylor Swift,reputation,End Game,2x0WlnmfG39ZuDmstl9xfX,0.649,0.589,0.151,159.073,244827
191,Taylor Swift,Speak Now (Deluxe Edition),The Story Of Us,19tHCfzUSoy5HkpxcmbA0A,0.543,0.818,0.683,139.898,265667
192,Taylor Swift,1989 (Deluxe Edition),Style,1fo2ctLqj3zBhRQKOXprol,0.588,0.791,0.487,94.933,231000
193,Taylor Swift,Speak Now (Deluxe Edition),Speak Now,1nYWTzy5zu3zEPNgB1sItW,0.709,0.599,0.735,118.975,240760
194,Taylor Swift,1989 (Deluxe Edition),Out Of The Woods,6Nde5KuTXyB7jlPO4upaBo,0.553,0.841,0.338,92.008,235800
195,Taylor Swift,1989 (Deluxe Edition),Wildest Dreams,106R7Z57WYzBAfrXImV30y,0.55,0.688,0.465,139.997,220440
196,Taylor Swift,Fearless Platinum Edition,Love Story,0kN3oXYWWAk1uC0y2WoyOE,0.618,0.736,0.307,118.982,235280
197,Various Artists,Fifty Shades Darker (Original Motion Picture Soundtrack),I Don’t Wanna Live Forever (Fifty Shades Darker),2y5aJvzXhHPA94U5GFAcXe,0.734,0.442,0.0973,117.967,245653
198,Taylor Swift,Taylor Swift,Picture To Burn,32mVHdy0bi1XKgr0ajsBlG,0.658,0.877,0.821,105.586,173067
199,Taylor Swift,Speak Now (Deluxe Edition),Ours,1EQn3Uc5AyUXoiPLeyCrrg,0.608,0.569,0.238,159.845,237920
200,Taylor Swift,Fearless Platinum Edition,White Horse,4jPtq9shRdUv8Zjr0a5xkD,0.585,0.346,0.195,92.564,234440
201,Taylor Swift,reputation,Look What You Made Me Do,1P17dC1amhFzptugyAO7Il,0.766,0.709,0.506,128.07,211853
202,Taylor Swift,Speak Now (Deluxe Edition),Mine,6LZaxlycSWrJZ4Volb25qx,0.624,0.757,0.658,121.07,230707
203,Taylor Swift,reputation,Delicate,6NFyWDv5CjfwuzoCkw47Xf,0.75,0.404,0.0499,95.045,232253
204,Taylor Swift,Taylor Swift,Our Song,15DeqWWQB4dcEWzJg15VrN,0.668,0.672,0.539,89.011,201107
205,Taylor Swift,Fearless Platinum Edition,Fearless,3F6czr26ZwGU5O5CHY04Ma,0.598,0.714,0.467,99.979,242000
206,Taylor Swift,Speak Now (Deluxe Edition),Sparks Fly,1q8E1FfFuhd12c5JcJwPxQ,0.605,0.787,0.374,114.987,260933
207,Taylor Swift,Taylor Swift,Should've Said No,16MVSD0mGI4RMQT83Qzm69,0.476,0.777,0.472,167.964,242200
208,Taylor Swift,Fearless Platinum Edition,Fifteen,3M0w3fhdXByHLCNAoi5c9G,0.559,0.636,0.214,95.485,294347
209,Taylor Swift,reputation,Getaway Car,0VE4kBnHJUgtMf0dy6DRmW,0.562,0.689,0.351,172.054,233627
210,Taylor Swift,Today Was A Fairytale,Today Was A Fairytale - US Version,1P5QpwOgXJuoVTm3CWbnLY,0.485,0.717,0.356,158.047,241813
211,Taylor Swift,Speak Now (Deluxe Edition),Back To December,7lxADouiWFkwR7ZV2GKUcH,0.529,0.67,0.286,141.893,293027
212,Various Artists,The Hunger Games: Songs From District 12 And Beyond,Safe & Sound - from The Hunger Games Soundtrack,0z9UVN8VBHJ9HdfYsOuuNf,0.471,0.3,0.289,144.319,240067
213,Taylor Swift,Taylor Swift,Tim McGraw,0Om9WAB5RS09L80DyOfTNa,0.58,0.491,0.425,76.009,232107
214,Taylor Swift,reputation,Gorgeous,1ZY1PqizIl78geGM4xWlEA,0.8,0.535,0.451,92.027,209680
215,Taylor Swift,reputation,I Did Something Bad,4svZDCRz4cJoneBpjpx8DJ,0.696,0.602,0.305,82.989,238253
216,Taylor Swift,reputation,Don’t Blame Me,1R0a2iXumgCiFb7HEZ7gUE,0.615,0.534,0.193,135.917,236413
217,Taylor Swift,reputation,So It Goes...,5PxFv9yJEg9dxvbZggykro,0.574,0.61,0.374,74.957,227907
218,Taylor Swift,reputation,King Of My Heart,7HuBDWi18s4aJM8UFnNheH,0.675,0.703,0.314,110.01,214320
219,Taylor Swift,reputation,Dancing With Our Hands Tied,7I7JbDv63ZJJsSi24DyJrz,0.624,0.691,0.284,160.024,211507
220,Taylor Swift,reputation,Dress,6oVxXO5oQ4pTpO8RSnkzvv,0.719,0.469,0.0851,120.085,230373
221,Taylor Swift,reputation,This Is Why We Can't Have Nice Things,07NxDD1iKCHbAldceD7QLP,0.567,0.789,0.438,163.96,207133
222,Taylor Swift,reputation,Call It What You Want,1GwMQaZz6Au3QLDbjbMdme,0.598,0.504,0.252,163.954,203507
223,Taylor Swift,reputation,New Year’s Day,7F5oktn5YOsR9eR5YsFtqb,0.661,0.151,0.23,94.922,235467
224,Taylor Swift,1989 (Deluxe Edition),Welcome To New York,33Kq0AT5rvwyE4azisG08x,0.789,0.634,0.658,116.992,212600
225,Taylor Swift,1989 (Deluxe Edition),All You Had To Do Was Stay,0lmMtDQ2ElasKU2qDAE6NN,0.605,0.725,0.539,96.97,193293
226,Taylor Swift,1989 (Deluxe Edition),I Wish You Would,1B5VzXPqMlvRw0U4HJY3dJ,0.653,0.893,0.513,118.035,207440
227,Taylor Swift,1989 (Deluxe Edition),Bad Blood,0yN4fNzmVnmgC0dsOoi9Wh,0.646,0.794,0.287,170.216,211933
228,Taylor Swift,1989 (Deluxe Edition),How You Get The Girl,6wfugRLamFsTRbPcCpNnP7,0.765,0.656,0.545,119.997,247533
229,Taylor Swift,1989 (Deluxe Edition),This Love,1kTPQnabROVkW9bUXdCGrB,0.481,0.435,0.107,143.95,250093
230,Taylor Swift,1989 (Deluxe Edition),I Know Places,2zfgVd034GlUvk7LqBHl6u,0.602,0.755,0.495,159.965,195707
231,Taylor Swift,1989 (Deluxe Edition),Clean,4bXCcoesMt8u99xMsbLr9U,0.815,0.377,0.211,103.97,271000
232,Taylor Swift,1989 (Deluxe Edition),Wonderland,6iWMI5oOhWrDbLbjmwTWFq,0.422,0.692,0.197,184.014,245560
233,Taylor Swift,1989 (Deluxe Edition),You Are In Love,4A2LfnduSTsE8u0ecYROxE,0.474,0.48,0.319,170.109,267107
234,Taylor Swift,1989 (Deluxe Edition),New Romantics,6rZVy6FIG7lSJQMFXHo12z,0.633,0.889,0.584,121.956,230467
235,Taylor Swift,Speak Now (Deluxe Edition),Dear John,1ubvV5ECkm6nSI6g1HmbBK,0.589,0.47,0.102,119.386,403920
236,Taylor Swift,Speak Now (Deluxe Edition),Never Grow Up,74WBGgUnpKrJXt6TETfR6Z,0.714,0.305,0.554,124.91,290467
237,Taylor Swift,Speak Now (Deluxe Edition),Enchanted,14LtANuaslKWyYbktUrHBU,0.455,0.623,0.208,163.893,352187
238,Taylor Swift,Speak Now (Deluxe Edition),Better Than Revenge,1By2VQkUN0Frd8mKNV5NYC,0.516,0.917,0.635,145.821,217160
239,Taylor Swift,Speak Now (Deluxe Edition),Innocent,3kfgJql90tzgoxByioAMXR,0.552,0.608,0.17,134.05,302253
240,Taylor Swift,Speak Now (Deluxe Edition),Haunted,11UaQaEp2LvdspTyyuE3ur,0.436,0.95,0.352,162.088,242080
241,Taylor Swift,Speak Now (Deluxe Edition),Last Kiss,1D27z8xNzjW0Mwwt1NCWhJ,0.371,0.341,0.196,89.038,367133
242,Taylor Swift,Speak Now (Deluxe Edition),Long Live,7DjCRhhFo9PPzca1BjMLcf,0.418,0.68,0.142,204.12,317453
243,Taylor Swift,Speak Now (Deluxe Edition),If This Was A Movie,0vvt4IZOMkRug195S4MUq0,0.511,0.719,0.289,147.852,234547
244,Taylor Swift,Speak Now (Deluxe Edition),Superman,2R7C9dDqv1UPycvepBFziA,0.582,0.765,0.559,131.982,275960
245,Taylor Swift,Speak Now (Deluxe Edition),Back To December - Acoustic,6IH2Z54gYPLqgJtxZjX80i,0.541,0.453,0.377,141.757,292560
246,Taylor Swift,Speak Now (Deluxe Edition),Haunted - Acoustic Version,62rlxI6g2PNaWsHoiRryto,0.563,0.443,0.313,80.962,217613
247,Taylor Swift,Speak Now (Deluxe Edition),Mine - POP Mix,0fAbfDiuQiUwV7FUcFfRGY,0.695,0.723,0.679,121.011,230333
248,Taylor Swift,Fearless Platinum Edition,Jump Then Fall,08gavXombT6KR0af88i9tA,0.618,0.687,0.82,79.991,237067
249,Taylor Swift,Fearless Platinum Edition,Untouchable,2IZ00ed83ygPIiacYScWUE,0.419,0.454,0.288,200.017,311040
250,Taylor Swift,Fearless Platinum Edition,Forever & Always - Piano Version,46HGgtwmmuEB8mvDCyjyAc,0.592,0.16,0.294,118.929,267507
251,Taylor Swift,Fearless Platinum Edition,Come In With The Rain,4pl5zcqCv4vc3cB7M4MZ6f,0.527,0.475,0.224,143.962,238107
252,Taylor Swift,Fearless Platinum Edition,SuperStar,14Bljc3pOOG0xQX3wqhLN9,0.61,0.531,0.228,85.979,261453
253,Taylor Swift,Fearless Platinum Edition,The Other Side Of The Door,0xvsgzM8AtBtRHZm5rav8A,0.476,0.816,0.469,163.847,237600
254,Taylor Swift,Fearless Platinum Edition,Hey Stephen,6wcFdMmiDscAhZJrcVFumx,0.843,0.553,0.825,115.997,254320
255,Taylor Swift,Fearless Platinum Edition,Breathe,6S9G7J3EB1ZY0rrZPwsBg5,0.498,0.486,0.17,147.952,263987
256,Taylor Swift,Fearless Platinum Edition,Tell Me Why,4XrP7vKBjKLEYlRZdb0Ygr,0.601,0.852,0.513,100.015,200560
257,Taylor Swift,Fearless Platinum Edition,You're Not Sorry,6HWYtS215rxaaMjvpyG18W,0.459,0.459,0.281,134.018,261800
258,Taylor Swift,Fearless Platinum Edition,The Way I Loved You,77VotUUL79U10TAnYdqwvr,0.436,0.712,0.379,160.886,244240
259,Taylor Swift,Fearless Platinum Edition,Forever & Always,1zxrcAk6eiytfavqriMcKT,0.605,0.829,0.514,128.012,225333
260,Taylor Swift,Fearless Platinum Edition,The Best Day,5YbZZ2gYfvW1UvHHF4pVaD,0.664,0.447,0.364,126.079,245347
261,Taylor Swift,Fearless Platinum Edition,Change,0RdcBnAXyH2YZZvcBVu2k6,0.548,0.756,0.224,96.038,281053
262,Taylor Swift,Taylor Swift,A Place in this World,73OX8GdpOeGzKC6OvGSbsv,0.576,0.777,0.428,115.028,199200
263,Taylor Swift,Taylor Swift,Cold As You,7an1exwMnfYRcdVQm0yDev,0.418,0.482,0.261,175.558,239013
264,Taylor Swift,Taylor Swift,The Outside,2QA3IixpRcKyOdG7XDzRgv,0.589,0.805,0.591,112.982,207107
265,Taylor Swift,Taylor Swift,Tied Together with a Smile,6K0CJLVXqbGMeJSmJ4ENKK,0.479,0.578,0.192,146.165,248107
266,Taylor Swift,Taylor Swift,Stay Beautiful,2ZoOmCSgj0ypVAmGd1ve4y,0.594,0.629,0.504,131.597,236053
267,Taylor Swift,Taylor Swift,Mary's Song (Oh My My My),2QrQCMel6v2JiLxqrg4p2O,0.403,0.627,0.374,74.9,213080
268,Taylor Swift,Taylor Swift,I'm Only Me When I'm With You,0JIdBrXGSJXS72zjF9ss9u,0.563,0.934,0.518,143.964,213053
269,Taylor Swift,Taylor Swift,Invisible,5OOd01o2YS1QFwdpVLds3r,0.612,0.394,0.233,96.001,203227
270,Taylor Swift,Taylor Swift,A Perfectly Good Heart,1spLfUJxtyVyiKKTegQ2r4,0.483,0.751,0.268,156.092,220147
271,Taylor Swift,Taylor Swift,Teardrops on My Guitar - Pop Version,4pJi1rVt9GNegU9kywjg4z,0.459,0.753,0.483,199.997,179067
272,Taylor Swift,Taylor Swift,Teardrops On My Guitar - Radio Single Remix,7zMcNqs55Mxer82bvZFkpg,0.621,0.417,0.289,99.953,203040
273,Taylor Swift,Ronan,Ronan,0Nw8hv79MLJa1yjtsEgz08,0.565,0.255,0.174,57.964,265307
274,Taylor Swift,Spotify Singles,Delicate - Recorded at The Tracking Room Nashville,1Fj0T1XKuhRu7EZzJ7NJIK,0.664,0.447,0.431,90.976,228461
275,Taylor Swift,Spotify Singles,September - Recorded at The Tracking Room Nashville,5eGX87IiKsGuzS3iw4CfCX,0.641,0.444,0.588,107.081,187824
276,Taylor Swift,Sweeter Than Fiction,"Sweeter Than Fiction - From ""One Chance"" Soundtrack",0RFCHlNuTeUHIB36VuVbOL,0.71,0.614,0.673,135.012,237640
277,Various Artists,The Hunger Games: Songs From District 12 And Beyond,Eyes Open,7wjbSn8QHsxqKXU5M0jXGM,0.598,0.724,0.297,137.115,244587
278,Taylor Swift,Speak Now World Tour Live,Back To December/Apologize/You're Not Sorry - Live/2011/Medley,1IsquhJFJ0qcFZI7FeAEuN,0.374,0.516,0.171,142.057,362827
279,Taylor Swift,Speak Now World Tour Live,Bette Davis Eyes - Live/2011,6KF9xd2hBLuexrmBX4vUWD,0.327,0.488,0.363,104.46,189147
280,Taylor Swift,Speak Now World Tour Live,I Want You Back - Live/2011,4KB3zBArZ1rHRExilzycaV,0.536,0.512,0.249,97.397,83253
281,Taylor Swift,Speak Now World Tour Live,Ours - Live/2011,68QyrSzpnoU04AAhE5z8lj,0.421,0.355,0.267,77.769,245973
282,Taylor Swift,Speak Now World Tour Live,Last Kiss - Live/2011,6hH37tyeRdyan1mAppmVor,0.427,0.395,0.188,79.517,369067
283,Taylor Swift,Speak Now World Tour Live,Haunted - Live/2011,6znB7YZhMJT2B83zfbiyLq,0.338,0.818,0.177,162.157,292427
284,Taylor Swift,Speak Now World Tour Live,Long Live - Live/2011,5QkzyLUb4ggojNDp8G2OxX,0.544,0.728,0.204,101.939,376467
285,Taylor Swift,Speak Now World Tour Live,Sparks Fly - Live/2011,1aBJNc2thaKyh5THWzIqHX,0.455,0.783,0.298,114.981,336827
286,Taylor Swift,Speak Now World Tour Live,Mine - Live/2011,7yndkPYP6YQQLBpPsizDfh,0.496,0.852,0.442,120.969,259280
287,Taylor Swift,Speak Now World Tour Live,The Story Of Us - Live,72GIZuUXo14oyrS0si3Rgc,0.419,0.908,0.472,139.813,290520
288,Taylor Swift,Speak Now World Tour Live,Dear John - Live/2011,4DbI1rr4IQ2bc8nejy9ttd,0.521,0.386,0.138,119.518,404680
289,Taylor Swift,Speak Now World Tour Live,Mean - Live/2011,7mFiEij8AXPUZB7aKLbUlQ,0.429,0.915,0.432,163.752,246373
290,Taylor Swift,Speak Now World Tour Live,Better Than Revenge - Live/2011,6505MLhnqTDDg4tjoUz2Wp,0.445,0.887,0.386,145.954,344573
291,Taylor Swift,Speak Now World Tour Live,Enchanted - Live/2011,3lm4L3pPL32PFy74dR17OR,0.34,0.663,0.214,163.678,389213
292,Taylor Swift,Speak Now World Tour Live,Speak Now - Live/2011,3QFB14MOUf3imlyISNmrbT,0.615,0.694,0.373,118.876,248147
293,Taylor Swift,Speak Now World Tour Live,Drops Of Jupiter - Live/2011,0BSmbCIY36iw04azzJ3S0S,0.374,0.504,0.27,109.025,315173
294,Taylor Swift,Delicate (Seeb Remix),Delicate - Seeb Remix,2Sy2oGjP5RYB4cLVoDU0Gz,0.68,0.821,0.571,105.986,173266
295,Taylor Swift,...Ready For It? (BloodPop® Remix),...Ready For It? - BloodPop® Remix,1Ygm9KdH3wbzDekO8JgxcW,0.582,0.835,0.496,160.09,189509
296,Taylor Swift,Delicate (Sawyr And Ryan Tedder Mix),Delicate - Sawyr And Ryan Tedder Mix,6SYwJcqaltK2WFRmD1unUV,0.692,0.552,0.247,102.001,184282
297,Sugarland,Bigger,Babe,7fRruZ12gXGwBs0zXQ6e5V,0.535,0.777,0.664,171.72,215107
298,Kenny Chesney,Live in No Shoes Nation,Big Star (with Taylor Swift) - Live,7JKwboSAWRHJI5U1XGTqS3,0.557,0.978,0.522,119.992,306507
299,Tim McGraw,Two Lanes Of Freedom (Accelerated Deluxe),Highway Don't Care,6Bb5aUjzUT5ozbbr0VpnZ8,0.477,0.79,0.505,157.797,278453
300,B.o.B,Strange Clouds,Both of Us (feat. Taylor Swift),3r9bgSJlJz2zlevcBRYXko,0.677,0.722,0.0483,125.091,216120
301,Boys Like Girls,Love Drunk,Two Is Better Than One (feat. Taylor Swift),1MaqkdFNIKPdpQGDzme5ss,0.521,0.702,0.25,127.976,242840
302,Various Artists,Hannah Montana The Movie,Crazier,5vyxXfD5gLlyPxGZMEjtmd,0.452,0.544,0.158,133.042,191947
303,Jonas Brothers,Music from the 3D Concert Experience,Should've Said No - The 3D Concert Experience,06FXaDDdg0BzXl15cthMS5,0.355,0.984,0.338,168.133,253800
304,Taylor Swift,The Taylor Swift Holiday Collection,Last Christmas,2IprIjGNRlj3TfqUWCAo0C,0.702,0.77,0.685,116.009,208253
305,Taylor Swift,The Taylor Swift Holiday Collection,Christmases When You Were Mine,1g09DZjQ7yBommCT6POY2n,0.625,0.206,0.392,79.466,184253
306,Taylor Swift,The Taylor Swift Holiday Collection,Santa Baby,71IScwIe7bcIlpnlkbKVQw,0.759,0.509,0.75,107.948,158600
307,Taylor Swift,The Taylor Swift Holiday Collection,Silent Night,1cJkUN5LAotktryx2nPCr7,0.423,0.311,0.134,119.546,209893
308,Taylor Swift,The Taylor Swift Holiday Collection,Christmas Must Be Something More,31JVjy3XWnh6C2zf4kLCXN,0.689,0.793,0.506,122.879,232147
309,Taylor Swift,The Taylor Swift Holiday Collection,White Christmas,7GZ3KDorsc1yWndEtzGTjf,0.562,0.392,0.514,145.792,154000
310,Taylor Swift,Carolina (From The Motion Picture “Where The Crawdads Sing”),"Carolina - ""Where The Crawdads Sing"" - Video Edition",12xIjI9A9UlB6zEc7kyZ06,0.364,0.185,0.42,115.727,163944
